Time,RPin,RPout
0,82.81209037370577,66.672797706782
0.25,82.81209037370577,66.672797706782
