Time,RPin,RPout
0,688.6647040906997,68.74489034700217
0.25,688.6647040906997,68.74489034700217
