Time,RPin,RPout
0,1198.918275662304,69.52744322886053
0.25,1198.918275662304,69.52744322886053
