Time,RPin,RPout
0,245.52221076573838,67.4723412769248
0.25,245.52221076573838,67.4723412769248
