Time,RPin,RPout
0,488.97481822585513,68.18111208986065
0.25,488.97481822585513,68.18111208986065
