Time,RPin,RPout
0,0.9486859288885833,65.71901455414387
0.25,0.9486859288885833,65.71901455414387
