Time,RPin,RPout
0,151.25049472909427,67.0628167551812
0.25,151.25049472909427,67.0628167551812
