Time,RPin,RPout
0,935.0112820861941,69.17009504683055
0.25,935.0112820861941,69.17009504683055
