Time,RPin,RPout
0,6.955644347870842,65.91028424284347
0.25,6.955644347870842,65.91028424284347
