Time,RPin,RPout
0,378.65108549488764,67.9099104680369
0.25,378.65108549488764,67.9099104680369
