Time,RPin,RPout
0,35.05235845924156,66.30970321914424
0.25,35.05235845924156,66.30970321914424
