Time,RPin,RPout
0,197.76910694122873,224.95855074467926
0.25,197.76910694122873,224.95855074467926
