Time,RPin,RPout
0,0.2147986006844682,223.2380936312393
0.25,0.2147986006844682,223.2380936312393
