Time,RPin,RPout
0,9.897874816400916,223.58893128885072
0.25,9.897874816400916,223.58893128885072
