Time,RPin,RPout
0,264.9894588769593,225.27121341193293
0.25,264.9894588769593,225.27121341193293
