Time,RPin,RPout
0,106.64478293135758,224.5344428843797
0.25,106.64478293135758,224.5344428843797
