Time,RPin,RPout
0,24.217977375729596,223.82969189679656
0.25,24.217977375729596,223.82969189679656
