Time,RPin,RPout
0,151.91352485093307,224.7677693269483
0.25,151.91352485093307,224.7677693269483
