Time,RPin,RPout
0,1.8687645367056875,223.36307478809005
0.25,1.8687645367056875,223.36307478809005
