Time,RPin,RPout
0,347.666946079376,225.52010813388392
0.25,347.666946079376,225.52010813388392
