Time,RPin,RPout
0,69.31971706019492,224.28925090563902
0.25,69.31971706019492,224.28925090563902
