Time,RPin,RPout
0,41.71554775263945,224.01009732449657
0.25,41.71554775263945,224.01009732449657
